MySQL Shell 8.0.32

Copyright (c) 2016, 2023, Oracle and/or its affiliates.
Oracle is a registered trademark of Oracle Corporation and/or its affiliates.
Other names may be trademarks of their respective owners.

Type '\help' or '\?' for help; '\quit' to exit.
 MySQL  JS >  \sql
Switching to SQL mode... Commands end with ;
 MySQL  SQL > \connect --mc root@localhost
Creating a Classic session to 'root@localhost'
Fetching global names for auto-completion... Press ^C to stop.
Your MySQL connection id is 8
Server version: 8.0.32 MySQL Community Server - GPL
No default schema selected; type \use <schema> to set one.
 MySQL  localhost:3306 ssl  SQL > \use company
MySQL Error 1049: Unknown database 'company'
 MySQL  localhost:3306 ssl  SQL > show databases;
+--------------------+
| Database           |
+--------------------+
| agencia            |
| eva_2              |
| evaluacion_1       |
| information_schema |
| mysql              |
| performance_schema |
| sakila             |
| sys                |
| world              |
+--------------------+
9 rows in set (0.0010 sec)
 MySQL  localhost:3306 ssl  SQL > CREATE DATABASE Company;
Query OK, 1 row affected (0.0070 sec)
 MySQL  localhost:3306 ssl  SQL > USE Company;
Default schema set to `Company`.
Fetching global names, object names from `company` for auto-completion... Press ^C to stop.
 MySQL  localhost:3306 ssl  company  SQL > CREATE TABLE Employee (
                                        ->   EmployeeId INT PRIMARY KEY,
                                        ->   FullName VARCHAR(50) NOT NULL,
                                        ->   Technology VARCHAR(50) NOT NULL,
                                        ->   Salary FLOAT NOT NULL,
                                        ->   Gender VARCHAR(50) NOT NULL,
                                        ->   Age INT NOT NULL
                                        -> );
Query OK, 0 rows affected (0.0210 sec)
 MySQL  localhost:3306 ssl  company  SQL > INSERT INTO Employee (EmployeeId, FullName, Technology, Salary, Gender, Age) VALUES (1001, 'John Doe', 'Java', 35000, 'Male', 25);
Query OK, 1 row affected (0.0089 sec)
 MySQL  localhost:3306 ssl  company  SQL > INSERT INTO Employee (EmployeeId, FullName, Technology, Salary, Gender, Age) VALUES (1002, 'Mary Smith', 'Java', 45000, 'Female', 27);
Query OK, 1 row affected (0.0015 sec)
 MySQL  localhost:3306 ssl  company  SQL > INSERT INTO Employee (EmployeeId, FullName, Technology, Salary, Gender, Age) VALUES (1003, 'James Brown', 'Java', 50000, 'Male', 28);
Query OK, 1 row affected (0.0015 sec)
 MySQL  localhost:3306 ssl  company  SQL > INSERT INTO Employee (EmployeeId, FullName, Technology, Salary, Gender, Age) VALUES (1004, 'Mike Walker', '.NET', 50000, 'Male', 28);
Query OK, 1 row affected (0.0015 sec)
 MySQL  localhost:3306 ssl  company  SQL > INSERT INTO Employee (EmployeeId, FullName, Technology, Salary, Gender, Age) VALUES (1005, 'Linda Jones', '.NET', 75000, 'Female', 26);
Query OK, 1 row affected (0.0018 sec)
 MySQL  localhost:3306 ssl  company  SQL > INSERT INTO Employee (EmployeeId, FullName, Technology, Salary, Gender, Age) VALUES (1006, 'Anurag Mohanty', '.NET', 35000, 'Male', 25);
Query OK, 1 row affected (0.0014 sec)
 MySQL  localhost:3306 ssl  company  SQL > INSERT INTO Employee (EmployeeId, FullName, Technology, Salary, Gender, Age) VALUES (1007, 'Priyanla Dewangan', '.NET', 45000, 'Female', 27);
Query OK, 1 row affected (0.0013 sec)
 MySQL  localhost:3306 ssl  company  SQL > INSERT INTO Employee (EmployeeId, FullName, Technology, Salary, Gender, Age) VALUES (1008, 'Sambit Mohanty', '.NET', 50000, 'Male', 28);
Query OK, 1 row affected (0.0015 sec)
 MySQL  localhost:3306 ssl  company  SQL > INSERT INTO Employee (EmployeeId, FullName, Technology, Salary, Gender, Age) VALUES (1009, 'Pranaya Kumar', 'Java', 50000, 'Male', 28);
Query OK, 1 row affected (0.0013 sec)
 MySQL  localhost:3306 ssl  company  SQL > INSERT INTO Employee (EmployeeId, FullName, Technology, Salary, Gender, Age) VALUES (1010, 'Hina Sharma', 'Java', 75000, 'Female', 26);
Query OK, 1 row affected (0.0014 sec)
 MySQL  localhost:3306 ssl  company  SQL > CREATE TABLE Projects (
                                        ->  ProjectId INT PRIMARY KEY AUTO_INCREMENT,
                                        ->     ProjectName VARCHAR(200) NOT NULL,
                                        ->  EmployeeId INT,
                                        ->     StartDate DATETIME,
                                        ->     EndDate DATETIME,
                                        ->     FOREIGN KEY (EmployeeId) REFERENCES Employee(EmployeeId)
                                        -> );
Query OK, 0 rows affected (0.0355 sec)
 MySQL  localhost:3306 ssl  company  SQL > INSERT INTO Projects (ProjectName, EmployeeId, StartDate, EndDate) VALUES
                                        -> ('Develop Ecommerse Website from scratch', 1003, NOW(), DATE_ADD(NOW(), INTERVAL 30 DAY)),
                                        -> ('WordPress Website for our company', 1002, NOW(), DATE_ADD(NOW(), INTERVAL 45 DAY)),
                                        -> ('Manage our Company Servers', 1007, NOW(), DATE_ADD(NOW(), INTERVAL 45 DAY)),
                                        -> ('Hosting account is not working', 1009, NOW(), DATE_ADD(NOW(), INTERVAL 7 DAY)),
                                        -> ('MySQL database from my desktop application', 1010, NOW(), DATE_ADD(NOW(), INTERVAL 15 DAY)),
                                        -> ('Develop new WordPress plugin for my business website', NULL, NOW(), DATE_ADD(NOW(), INTERVAL 10 DAY)),
                                        -> ('Migrate web application and database to new server', NULL, NOW(), DATE_ADD(NOW(), INTERVAL 5 DAY)),
                                        -> ('Android Application development', 1004, NOW(), DATE_ADD(NOW(), INTERVAL 30 DAY)),
                                        -> ('Hosting account is not working', 1001, NOW(), DATE_ADD(NOW(), INTERVAL 7 DAY)),
                                        -> ('MySQL database from my desktop application', 1008, NOW(), DATE_ADD(NOW(), INTERVAL 15 DAY)),
                                        -> ('Develop new WordPress plugin for my business website', NULL, NOW(), DATE_ADD(NOW(), INTERVAL 10 DAY));
Query OK, 11 rows affected (0.0065 sec)

Records: 11  Duplicates: 0  Warnings: 0
 MySQL  localhost:3306 ssl  company  SQL > CREATE TABLE Address
                                        -> (
                                        ->     AddressId INT PRIMARY KEY AUTO_INCREMENT,
                                        ->     EmployeeId INT,
                                        ->     Country VARCHAR(50),
                                        ->     State VARCHAR(50),
                                        ->     City VARCHAR(50),
                                        ->     FOREIGN KEY (EmployeeId) REFERENCES Employee(EmployeeId)
                                        -> );
Query OK, 0 rows affected (0.0300 sec)
 MySQL  localhost:3306 ssl  company  SQL > INSERT INTO Address (EmployeeId, Country, State, City) Values (1001, 'India', 'Odisha', 'BBSR');
Query OK, 1 row affected (0.0032 sec)
 MySQL  localhost:3306 ssl  company  SQL > INSERT INTO Address (EmployeeId, Country, State, City) Values (1002, 'India', 'Maharashtra', 'Mumbai');
Query OK, 1 row affected (0.0024 sec)
 MySQL  localhost:3306 ssl  company  SQL > INSERT INTO Address (EmployeeId, Country, State, City) Values (1003, 'India', 'Maharashtra', 'Pune');
Query OK, 1 row affected (0.0018 sec)
 MySQL  localhost:3306 ssl  company  SQL > INSERT INTO Address (EmployeeId, Country, State, City) Values (1004, 'India', 'Odisha', 'Cuttack');
Query OK, 1 row affected (0.0018 sec)
 MySQL  localhost:3306 ssl  company  SQL > INSERT INTO Address (EmployeeId, Country, State, City) Values (1005, 'India', 'Maharashtra', 'Nagpur');
Query OK, 1 row affected (0.0018 sec)
 MySQL  localhost:3306 ssl  company  SQL > INSERT INTO Address (EmployeeId, Country, State, City) Values (1006, 'India', 'Odisha', 'BBSR');
Query OK, 1 row affected (0.0027 sec)
 MySQL  localhost:3306 ssl  company  SQL > show tables;
+-------------------+
| Tables_in_company |
+-------------------+
| address           |
| employee          |
| projects          |
+-------------------+
3 rows in set (0.0124 sec)
 MySQL  localhost:3306 ssl  company  SQL > desc address;
+------------+-------------+------+-----+---------+----------------+
| Field      | Type        | Null | Key | Default | Extra          |
+------------+-------------+------+-----+---------+----------------+
| AddressId  | int         | NO   | PRI | NULL    | auto_increment |
| EmployeeId | int         | YES  | MUL | NULL    |                |
| Country    | varchar(50) | YES  |     | NULL    |                |
| State      | varchar(50) | YES  |     | NULL    |                |
| City       | varchar(50) | YES  |     | NULL    |                |
+------------+-------------+------+-----+---------+----------------+
5 rows in set (0.0064 sec)
 MySQL  localhost:3306 ssl  company  SQL > desc employee
                                        -> ;
+------------+-------------+------+-----+---------+-------+
| Field      | Type        | Null | Key | Default | Extra |
+------------+-------------+------+-----+---------+-------+
| EmployeeId | int         | NO   | PRI | NULL    |       |
| FullName   | varchar(50) | NO   |     | NULL    |       |
| Technology | varchar(50) | NO   |     | NULL    |       |
| Salary     | float       | NO   |     | NULL    |       |
| Gender     | varchar(50) | NO   |     | NULL    |       |
| Age        | int         | NO   |     | NULL    |       |
+------------+-------------+------+-----+---------+-------+
6 rows in set (0.0027 sec)
 MySQL  localhost:3306 ssl  company  SQL > desc projects;
+-------------+--------------+------+-----+---------+----------------+
| Field       | Type         | Null | Key | Default | Extra          |
+-------------+--------------+------+-----+---------+----------------+
| ProjectId   | int          | NO   | PRI | NULL    | auto_increment |
| ProjectName | varchar(200) | NO   |     | NULL    |                |
| EmployeeId  | int          | YES  | MUL | NULL    |                |
| StartDate   | datetime     | YES  |     | NULL    |                |
| EndDate     | datetime     | YES  |     | NULL    |                |
+-------------+--------------+------+-----+---------+----------------+
5 rows in set (0.0017 sec)
 MySQL  localhost:3306 ssl  company  SQL > select * from projects where employeeid is not null;
+-----------+--------------------------------------------+------------+---------------------+---------------------+
| ProjectId | ProjectName                                | EmployeeId | StartDate           | EndDate             |
+-----------+--------------------------------------------+------------+---------------------+---------------------+
|         9 | Hosting account is not working             |       1001 | 2023-03-22 12:06:16 | 2023-03-29 12:06:16 |
|         2 | WordPress Website for our company          |       1002 | 2023-03-22 12:06:16 | 2023-05-06 12:06:16 |
|         1 | Develop Ecommerse Website from scratch     |       1003 | 2023-03-22 12:06:16 | 2023-04-21 12:06:16 |
|         8 | Android Application development            |       1004 | 2023-03-22 12:06:16 | 2023-04-21 12:06:16 |
|         3 | Manage our Company Servers                 |       1007 | 2023-03-22 12:06:16 | 2023-05-06 12:06:16 |
|        10 | MySQL database from my desktop application |       1008 | 2023-03-22 12:06:16 | 2023-04-06 12:06:16 |
|         4 | Hosting account is not working             |       1009 | 2023-03-22 12:06:16 | 2023-03-29 12:06:16 |
|         5 | MySQL database from my desktop application |       1010 | 2023-03-22 12:06:16 | 2023-04-06 12:06:16 |
+-----------+--------------------------------------------+------------+---------------------+---------------------+
8 rows in set (0.0008 sec)
 MySQL  localhost:3306 ssl  company  SQL > select * from projects where employeeid is null;
+-----------+------------------------------------------------------+------------+---------------------+---------------------+
| ProjectId | ProjectName                                          | EmployeeId | StartDate           | EndDate             |
+-----------+------------------------------------------------------+------------+---------------------+---------------------+
|         6 | Develop new WordPress plugin for my business website |       NULL | 2023-03-22 12:06:16 | 2023-04-01 12:06:16 |
|         7 | Migrate web application and database to new server   |       NULL | 2023-03-22 12:06:16 | 2023-03-27 12:06:16 |
|        11 | Develop new WordPress plugin for my business website |       NULL | 2023-03-22 12:06:16 | 2023-04-01 12:06:16 |
+-----------+------------------------------------------------------+------------+---------------------+---------------------+
3 rows in set (0.0008 sec)
 MySQL  localhost:3306 ssl  company  SQL > select a.projectname, b.fullname from projects a inner join employee b on a.employeeid = b.employeeid;
+--------------------------------------------+-------------------+
| projectname                                | fullname          |
+--------------------------------------------+-------------------+
| Hosting account is not working             | John Doe          |
| WordPress Website for our company          | Mary Smith        |
| Develop Ecommerse Website from scratch     | James Brown       |
| Android Application development            | Mike Walker       |
| Manage our Company Servers                 | Priyanla Dewangan |
| MySQL database from my desktop application | Sambit Mohanty    |
| Hosting account is not working             | Pranaya Kumar     |
| MySQL database from my desktop application | Hina Sharma       |
+--------------------------------------------+-------------------+
8 rows in set (0.0015 sec)
 MySQL  localhost:3306 ssl  company  SQL > select a.fullname, b.country, b.state, b.city from employee a inner join address b on a.employeeid = b.employeeid;
+----------------+---------+-------------+---------+
| fullname       | country | state       | city    |
+----------------+---------+-------------+---------+
| John Doe       | India   | Odisha      | BBSR    |
| Mary Smith     | India   | Maharashtra | Mumbai  |
| James Brown    | India   | Maharashtra | Pune    |
| Mike Walker    | India   | Odisha      | Cuttack |
| Linda Jones    | India   | Maharashtra | Nagpur  |
| Anurag Mohanty | India   | Odisha      | BBSR    |
+----------------+---------+-------------+---------+
6 rows in set (0.0007 sec)
 MySQL  localhost:3306 ssl  company  SQL > desc employee;
+------------+-------------+------+-----+---------+-------+
| Field      | Type        | Null | Key | Default | Extra |
+------------+-------------+------+-----+---------+-------+
| EmployeeId | int         | NO   | PRI | NULL    |       |
| FullName   | varchar(50) | NO   |     | NULL    |       |
| Technology | varchar(50) | NO   |     | NULL    |       |
| Salary     | float       | NO   |     | NULL    |       |
| Gender     | varchar(50) | NO   |     | NULL    |       |
| Age        | int         | NO   |     | NULL    |       |
+------------+-------------+------+-----+---------+-------+
6 rows in set (0.0017 sec)
 MySQL  localhost:3306 ssl  company  SQL > desc address;
+------------+-------------+------+-----+---------+----------------+
| Field      | Type        | Null | Key | Default | Extra          |
+------------+-------------+------+-----+---------+----------------+
| AddressId  | int         | NO   | PRI | NULL    | auto_increment |
| EmployeeId | int         | YES  | MUL | NULL    |                |
| Country    | varchar(50) | YES  |     | NULL    |                |
| State      | varchar(50) | YES  |     | NULL    |                |
| City       | varchar(50) | YES  |     | NULL    |                |
+------------+-------------+------+-----+---------+----------------+
5 rows in set (0.0018 sec)
 MySQL  localhost:3306 ssl  company  SQL > desc projects;
+-------------+--------------+------+-----+---------+----------------+
| Field       | Type         | Null | Key | Default | Extra          |
+-------------+--------------+------+-----+---------+----------------+
| ProjectId   | int          | NO   | PRI | NULL    | auto_increment |
| ProjectName | varchar(200) | NO   |     | NULL    |                |
| EmployeeId  | int          | YES  | MUL | NULL    |                |
| StartDate   | datetime     | YES  |     | NULL    |                |
| EndDate     | datetime     | YES  |     | NULL    |                |
+-------------+--------------+------+-----+---------+----------------+
5 rows in set (0.0020 sec)
 MySQL  localhost:3306 ssl  company  SQL > select a.projectname, b.fullname, c.city from projects a inner join employee b on a.employeeid = b.employeeid inner join address c on b.employeeid = c.employeeid;
+----------------------------------------+-------------+---------+
| projectname                            | fullname    | city    |
+----------------------------------------+-------------+---------+
| Hosting account is not working         | John Doe    | BBSR    |
| WordPress Website for our company      | Mary Smith  | Mumbai  |
| Develop Ecommerse Website from scratch | James Brown | Pune    |
| Android Application development        | Mike Walker | Cuttack |
+----------------------------------------+-------------+---------+
4 rows in set (0.0007 sec)
 MySQL  localhost:3306 ssl  company  SQL > select a.fullname, b.country, b.state, b.city from employee a inner join address b on a.employeeid=b.employeeid;
+----------------+---------+-------------+---------+
| fullname       | country | state       | city    |
+----------------+---------+-------------+---------+
| John Doe       | India   | Odisha      | BBSR    |
| Mary Smith     | India   | Maharashtra | Mumbai  |
| James Brown    | India   | Maharashtra | Pune    |
| Mike Walker    | India   | Odisha      | Cuttack |
| Linda Jones    | India   | Maharashtra | Nagpur  |
| Anurag Mohanty | India   | Odisha      | BBSR    |
+----------------+---------+-------------+---------+
6 rows in set (0.0005 sec)
 MySQL  localhost:3306 ssl  company  SQL >
 MySQL  localhost:3306 ssl  company  SQL >  select a.projectname, b.fullname from projects a left join employee b on a.employeeid= b.employeeid;
+------------------------------------------------------+-------------------+
| projectname                                          | fullname          |
+------------------------------------------------------+-------------------+
| Develop Ecommerse Website from scratch               | James Brown       |
| WordPress Website for our company                    | Mary Smith        |
| Manage our Company Servers                           | Priyanla Dewangan |
| Hosting account is not working                       | Pranaya Kumar     |
| MySQL database from my desktop application           | Hina Sharma       |
| Develop new WordPress plugin for my business website | NULL              |
| Migrate web application and database to new server   | NULL              |
| Android Application development                      | Mike Walker       |
| Hosting account is not working                       | John Doe          |
| MySQL database from my desktop application           | Sambit Mohanty    |
| Develop new WordPress plugin for my business website | NULL              |
+------------------------------------------------------+-------------------+
11 rows in set (0.0005 sec)
 MySQL  localhost:3306 ssl  company  SQL > select a.projectname, b.fullname from projects a left join employee b on a.employeeid = b.employeeid order by b.fullname;
+------------------------------------------------------+-------------------+
| projectname                                          | fullname          |
+------------------------------------------------------+-------------------+
| Develop new WordPress plugin for my business website | NULL              |
| Migrate web application and database to new server   | NULL              |
| Develop new WordPress plugin for my business website | NULL              |
| MySQL database from my desktop application           | Hina Sharma       |
| Develop Ecommerse Website from scratch               | James Brown       |
| Hosting account is not working                       | John Doe          |
| WordPress Website for our company                    | Mary Smith        |
| Android Application development                      | Mike Walker       |
| Hosting account is not working                       | Pranaya Kumar     |
| Manage our Company Servers                           | Priyanla Dewangan |
| MySQL database from my desktop application           | Sambit Mohanty    |
+------------------------------------------------------+-------------------+
11 rows in set (0.0016 sec)